Username,JS_Heap_Size_MB,Date,Time,Equipment
phz-op10,24.54373455,16/1/2024, 7:44:51 pm,SE054005
AKANKSHA-OPERATOR,30.88049603,16/1/2024, 7:44:56 pm,SE054004
SRIRAM-OPERATOR,30.45982933,16/1/2024, 7:44:57 pm,SE054003
phz-op13,24.27495289,16/1/2024, 7:45:04 pm,SE054008
phz-op15,26.82736397,16/1/2024, 7:45:05 pm,SE054006
phz-op14,27.13619137,16/1/2024, 7:45:05 pm,SE054009
phz-op12,25.3157711,16/1/2024, 7:45:08 pm,SE054007
phz-op10,26.15841389,16/1/2024, 7:45:21 pm,SE054005
AKANKSHA-OPERATOR,28.75251293,16/1/2024, 7:45:29 pm,SE054004
SRIRAM-OPERATOR,28.18451405,16/1/2024, 7:45:29 pm,SE054003
phz-op13,26.74200916,16/1/2024, 7:45:37 pm,SE054008
phz-op15,26.9221611,16/1/2024, 7:45:37 pm,SE054006
phz-op14,27.98993492,16/1/2024, 7:45:38 pm,SE054009
phz-op12,26.99196339,16/1/2024, 7:45:42 pm,SE054007
phz-op10,27.10884953,16/1/2024, 7:45:51 pm,SE054005
AKANKSHA-OPERATOR,32.63213539,16/1/2024, 7:45:59 pm,SE054004
SRIRAM-OPERATOR,28.14054585,16/1/2024, 7:46:02 pm,SE054003
phz-op14,28.36170769,16/1/2024, 7:46:09 pm,SE054009
phz-op13,33.11229229,16/1/2024, 7:46:10 pm,SE054008
phz-op15,27.49640846,16/1/2024, 7:46:12 pm,SE054006
phz-op12,28.12875843,16/1/2024, 7:46:15 pm,SE054007
phz-op10,28.10978127,16/1/2024, 7:46:21 pm,SE054005
AKANKSHA-OPERATOR,28.68519974,16/1/2024, 7:46:29 pm,SE054004
SRIRAM-OPERATOR,28.72965813,16/1/2024, 7:46:33 pm,SE054003
phz-op14,26.56614971,16/1/2024, 7:46:39 pm,SE054009
phz-op13,28.24307442,16/1/2024, 7:46:40 pm,SE054008
phz-op15,27.62748814,16/1/2024, 7:46:44 pm,SE054006
phz-op12,28.48935986,16/1/2024, 7:46:49 pm,SE054007
phz-op10,28.36284542,16/1/2024, 7:46:51 pm,SE054005
AKANKSHA-OPERATOR,32.71944618,16/1/2024, 7:47:02 pm,SE054004
SRIRAM-OPERATOR,29.65829945,16/1/2024, 7:47:04 pm,SE054003
phz-op13,28.30048561,16/1/2024, 7:47:09 pm,SE054008
phz-op14,29.4887886,16/1/2024, 7:47:10 pm,SE054009
phz-op15,28.86166382,16/1/2024, 7:47:16 pm,SE054006
phz-op12,34.2071085,16/1/2024, 7:47:21 pm,SE054007
phz-op10,28.7217474,16/1/2024, 7:47:21 pm,SE054005
AKANKSHA-OPERATOR,32.78769779,16/1/2024, 7:47:35 pm,SE054004
SRIRAM-OPERATOR,28.88477993,16/1/2024, 7:47:35 pm,SE054003
phz-op13,29.24459457,16/1/2024, 7:47:41 pm,SE054008
phz-op14,33.70706749,16/1/2024, 7:47:41 pm,SE054009
phz-op15,29.12574387,16/1/2024, 7:47:46 pm,SE054006
phz-op10,28.85051537,16/1/2024, 7:47:51 pm,SE054005
phz-op12,28.97955418,16/1/2024, 7:47:54 pm,SE054007
SRIRAM-OPERATOR,30.73536491,16/1/2024, 7:48:06 pm,SE054003
AKANKSHA-OPERATOR,34.48977566,16/1/2024, 7:48:08 pm,SE054004
phz-op14,33.73822212,16/1/2024, 7:48:13 pm,SE054009
phz-op13,29.47113419,16/1/2024, 7:48:13 pm,SE054008
phz-op15,29.72098255,16/1/2024, 7:48:16 pm,SE054006
phz-op10,30.1576786,16/1/2024, 7:48:22 pm,SE054005
phz-op12,28.86384201,16/1/2024, 7:48:26 pm,SE054007
SRIRAM-OPERATOR,28.56946564,16/1/2024, 7:48:36 pm,SE054003
AKANKSHA-OPERATOR,28.82363415,16/1/2024, 7:48:39 pm,SE054004
phz-op14,29.36776733,16/1/2024, 7:48:44 pm,SE054009
phz-op13,29.1093111,16/1/2024, 7:48:45 pm,SE054008
phz-op15,29.86126423,16/1/2024, 7:48:48 pm,SE054006
phz-op10,30.34191895,16/1/2024, 7:48:52 pm,SE054005
phz-op12,30.34479904,16/1/2024, 7:48:56 pm,SE054007
SRIRAM-OPERATOR,29.40900517,16/1/2024, 7:49:05 pm,SE054003
AKANKSHA-OPERATOR,30.24070835,16/1/2024, 7:49:10 pm,SE054004
phz-op14,30.72101116,16/1/2024, 7:49:16 pm,SE054009
phz-op13,34.24183941,16/1/2024, 7:49:19 pm,SE054008
phz-op15,30.9715929,16/1/2024, 7:49:19 pm,SE054006
phz-op10,29.59322262,16/1/2024, 7:49:21 pm,SE054005
phz-op12,29.8629427,16/1/2024, 7:49:26 pm,SE054007
SRIRAM-OPERATOR,29.62940025,16/1/2024, 7:49:34 pm,SE054003
AKANKSHA-OPERATOR,29.95826721,16/1/2024, 7:49:41 pm,SE054004
phz-op14,30.10302162,16/1/2024, 7:49:45 pm,SE054009
phz-op15,29.85604858,16/1/2024, 7:49:48 pm,SE054006
phz-op13,35.07803535,16/1/2024, 7:49:52 pm,SE054008
phz-op12,30.84895039,16/1/2024, 7:49:57 pm,SE054007
